1103629,-3253279,2423584,-67791,-19945,38239
1098160,-3259070,2432650,-67821,-20072,38210
1105985,-3265673,2410838,-67586,-19911,37978
1108832,-3265179,2433512,-67864,-19969,38283
1105403,-3256363,2417543,-67810,-19851,38239
1092757,-3256041,2432030,-68106,-20121,37974
1114340,-3265955,2421478,-67740,-19869,38389
1100278,-3266988,2429203,-67811,-19958,37843
1101619,-3252055,2423699,-67921,-20009,38369
1103721,-3260025,2426562,-67780,-19922,38080
1099998,-3262281,2426621,-67842,-20132,38287
1098499,-3265873,2426110,-67674,-19975,37976
1105232,-3260813,2423878,-68059,-20026,38259
1096373,-3260209,2432589,-67738,-20064,38237
1096798,-3262632,2419621,-67696,-19942,37901
1107014,-3257325,2424078,-67864,-19882,38340
1102068,-3261258,2420111,-67785,-19965,38029
1101898,-3263407,2429766,-67669,-20041,38236
1105622,-3258873,2420508,-67689,-19983,38212
1103966,-3260403,2429495,-67693,-20131,38079
1090972,-3259197,2426016,-67817,-20087,38213
1103856,-3260292,2429482,-67824,-20052,38000
1101739,-3258687,2420692,-67738,-20037,38447
1091027,-3263844,2434987,-67967,-20012,37844
1103409,-3257402,2420832,-67865,-19967,38420
1103765,-3262321,2426516,-67837,-19999,38052
1098420,-3259224,2419962,-67908,-20176,38132
1097916,-3271786,2429989,-67673,-19787,38288
1102381,-3261616,2419915,-67607,-20124,38029
1111020,-3257706,2426996,-67685,-19959,38183
1105901,-3254829,2420091,-67705,-20064,38030
1103271,-3257431,2433350,-67821,-19941,38418
1106081,-3263693,2416986,-67487,-20016,38004
1099880,-3253337,2429675,-67835,-19951,38238
1105437,-3254440,2426728,-67886,-20005,38184
1103805,-3257960,2429620,-67680,-19975,38107
1101807,-3258654,2414290,-67822,-19935,38291
1098586,-3261667,2428992,-67736,-20028,37872
1096555,-3273564,2429521,-67635,-20169,38233
1092666,-3262192,2423001,-67876,-19813,38057
1098282,-3263560,2429467,-67800,-20099,38157
1101662,-3260936,2429839,-67833,-19883,38184
1103746,-3253413,2420233,-67921,-19972,38081
1098003,-3263297,2432897,-67848,-20069,38312
1094798,-3259304,2429001,-67679,-19931,37979
1107009,-3266063,2424181,-67780,-19806,38313
1089565,-3265252,2428509,-67751,-20136,37872
1098081,-3261183,2432774,-67834,-20071,38261
1105885,-3256886,2417176,-67542,-20013,38162
1098236,-3263553,2432454,-67885,-19996,37999
1096284,-3259935,2423410,-67783,-19984,38317
1107477,-3260163,2426417,-67954,-19941,37842
1105158,-3258483,2427145,-67871,-19924,38366
1098358,-3268043,2429271,-67864,-20023,37946
1092883,-3267029,2429192,-67772,-20149,38157
1109193,-3267512,2420818,-67695,-19923,38182
1100324,-3266994,2426216,-67726,-20061,38000
1099736,-3261943,2426727,-67972,-19897,38209
1093033,-3258446,2428776,-67895,-20151,37950
1120152,-3267336,2421504,-67525,-19979,38336
1105784,-3250375,2423182,-67813,-20036,38004
1105561,-3259102,2432855,-67822,-20110,38129
1103609,-3259767,2423785,-67608,-19869,38317
1113167,-3265693,2420614,-67682,-20100,38050
1089402,-3264975,2425823,-67625,-20160,38187
1107496,-3264604,2429676,-67804,-19993,37945
1092756,-3264508,2423240,-67674,-20045,38343
1112874,-3263143,2423856,-67756,-19840,37999
1094706,-3263659,2429260,-67709,-20082,38159
1098442,-3270285,2429317,-67700,-20026,37999
1113118,-3256752,2417551,-67634,-20048,38159
1108892,-3262945,2430390,-67763,-19919,38312
1085602,-3254061,2431531,-68000,-20087,37927
1105538,-3267719,2429960,-67650,-19983,38181
1098537,-3263826,2429167,-67707,-20104,38001
1098173,-3265467,2423502,-67725,-19995,38289
1091737,-3258026,2425094,-67843,-20482,37845
1089714,-3263303,2428306,-67827,-20292,37819
1076977,-3255791,2421613,-67830,-20508,38112
1082681,-3263992,2436900,-67912,-20566,37660
1068143,-3259675,2427231,-67669,-20724,38112
1083441,-3267252,2439094,-67916,-20936,37238
1071270,-3256256,2415389,-67518,-19839,38070
1063680,-3267470,2430522,-68017,-19899,37773
1095065,-3267105,2439612,-67817,-18537,37904
1070663,-3261022,2413291,-67668,-16316,38743
849488,-3237338,2382650,-68060,-20891,36989
941734,-3252474,2479741,-68832,-28118,33726
897814,-3226654,2341851,-66769,-17505,38013
898873,-3316559,2474377,-68286,-24555,33409
922871,-3212177,2424309,-68409,-20482,37124
837140,-3231769,2377679,-67302,-19571,39569
866425,-3336262,2529479,-67771,-29306,28577
741934,-3194812,2385111,-68338,-23199,35687
808518,-3231084,2416832,-67651,-21780,38639
827556,-3310451,2468803,-67975,-24205,28589
807087,-3196523,2397949,-68067,-19307,39449
692956,-3243128,2437952,-68500,-26959,34580
736255,-3304557,2435658,-67267,-25138,27269
705322,-3192108,2398519,-68426,-19513,39163
678395,-3265044,2454927,-68220,-25357,33075
676516,-3250588,2432639,-67658,-23452,30469
567309,-3226873,2418474,-68290,-25746,35681
577996,-3264530,2457885,-68084,-26317,29136
561968,-3218933,2403140,-67947,-22075,34438
486818,-3252848,2456098,-68304,-26456,32711
460195,-3258613,2452107,-68038,-27336,27968
386160,-3210157,2382878,-67889,-24592,34586
389753,-3279083,2491352,-68045,-31707,27451
354477,-3225691,2424149,-68549,-26677,29215
307997,-3204352,2403620,-67771,-24843,34581
287644,-3269752,2493947,-69112,-34186,23805
205896,-3207565,2387799,-66905,-24960,32301
154061,-3219571,2468963,-69786,-34740,28290
149328,-3247365,2434650,-66759,-27718,25785
-1029,-3193873,2434199,-69814,-35104,29418
80630,-3252456,2459304,-66994,-29603,26541
-119032,-3214279,2431412,-68986,-34025,25343
-47858,-3218731,2488271,-68189,-35114,27893
-214838,-3200645,2381498,-68327,-31839,23895
-104915,-3264263,2526678,-67628,-37799,25632
-341475,-3158736,2396539,-70143,-35925,23585
-224983,-3219759,2459347,-66871,-33861,26983
-408454,-3217726,2467025,-70117,-39671,20470
-310663,-3213052,2434899,-66525,-31061,26855
-511395,-3178602,2462261,-70337,-42687,22449
-389293,-3246595,2462840,-66895,-34927,21356
-633524,-3151619,2399094,-69452,-35786,24753
-535635,-3254782,2497419,-68399,-41367,21019
-611955,-3176472,2430779,-68109,-36498,21195
-644749,-3211908,2478812,-69139,-42073,23013
-707954,-3196459,2421896,-67336,-34902,19960
-857400,-3197103,2460721,-69694,-45281,20242
-770658,-3171815,2467718,-67371,-37418,22543
-984303,-3226105,2456347,-68530,-42787,16675
-948496,-3177404,2488987,-69108,-43483,20628
-1026912,-3149604,2408269,-67694,-37888,21329
-1023421,-3248116,2556968,-69741,-51037,14167
-1124025,-3127498,2393637,-67373,-35792,22246
-1180851,-3223716,2526489,-70390,-52888,16557
-1217459,-3167844,2437521,-67177,-40148,17688
-1358564,-3181184,2472363,-70219,-51751,17505
-1272249,-3183248,2526775,-67165,-46805,15969
-1660252,-3136020,2365861,-69960,-49673,16735
-1512243,-3199531,2502531,-68504,-52449,14736
-1549375,-3137713,2460995,-68351,-47973,15616
-1726535,-3190647,2464880,-69949,-56191,15162
-1584880,-3169587,2499665,-67258,-48627,14000
-1936934,-3149637,2423117,-69796,-57077,14278
-1725110,-3184013,2493942,-68279,-51130,13750
-1813988,-3139280,2488729,-69144,-52369,14062
-2006545,-3172324,2450909,-69386,-56091,13723
-1846394,-3166744,2558913,-68343,-53163,12488
-2145192,-3162402,2438925,-69547,-56969,13111
-2130720,-3161094,2448139,-68619,-54595,11723
-2096842,-3136496,2548072,-69446,-58334,12321
-2408897,-3153461,2385339,-68557,-55599,13093
-2267869,-3185772,2505281,-69573,-60669,7679
-2193446,-3122348,2551557,-67921,-55494,14581
-2625248,-3139009,2409269,-70449,-63039,9177
-2403960,-3168842,2485866,-68277,-56183,9703
-2543734,-3119431,2479908,-69244,-60231,12438
-2626182,-3163501,2475815,-69245,-61807,7378
-2577780,-3109626,2519547,-68594,-58650,12331
-2787532,-3187465,2498245,-69006,-66055,7024
-2861752,-3111894,2430988,-69089,-61509,8627
-2845657,-3086820,2555504,-69623,-67032,10416
-3069017,-3208440,2431458,-67445,-64239,5004
-3100889,-3088200,2467393,-70879,-69195,9230
-2950809,-3138842,2580836,-67838,-68344,7072
-3398867,-3138730,2391304,-68968,-70828,5596
-3240768,-3127457,2507423,-69620,-72501,7260
-3288013,-3087123,2534063,-68895,-73564,5171
-3541817,-3157186,2409763,-68099,-72758,6982
-3526180,-3120969,2483363,-70629,-76812,1654
-3418490,-3068925,2553981,-67798,-72712,9743
-3776354,-3164434,2444648,-69272,-78478,1882
-3616377,-3127063,2475596,-69087,-72793,3732
-3556674,-3076161,2612334,-69095,-79155,8489
-4031046,-3130907,2392203,-69314,-78975,-580
-3834683,-3108046,2469729,-69437,-76422,6725
-3803205,-3124604,2593931,-69181,-83719,1294
-4238821,-3088382,2369102,-68797,-81813,3087
-4031113,-3122365,2524919,-70299,-85343,2945
-4125485,-3114173,2468968,-67865,-80002,544
-4337337,-3096021,2480601,-70072,-90194,3363
-4235628,-3091219,2476261,-68710,-80025,705
-4376045,-3118593,2512044,-69373,-87423,1432
-4368543,-3109655,2505448,-69398,-86901,837
-4301631,-3084501,2533275,-68632,-81663,2063
-4755414,-3098136,2460933,-70718,-92906,-1983
-4548428,-3100097,2467674,-67764,-84251,1667
-4495968,-3100183,2609170,-70566,-91570,-514
-4821171,-3088629,2414785,-68503,-86106,-2091
-4715510,-3081483,2598422,-69570,-92321,505
-4848409,-3100439,2482327,-69508,-89006,-2912
-4941719,-3095365,2468555,-69113,-91618,-1302
-4860828,-3070287,2560424,-69196,-92068,-2668
-5086470,-3089524,2450210,-69012,-90825,-2550
-5039634,-3090090,2552037,-70327,-96845,-2325
-4936131,-3072788,2563128,-67905,-89342,-3476
-5355903,-3067864,2455096,-70277,-99682,-4126
-5238397,-3095497,2499512,-69133,-94742,-4055
-5102061,-3057223,2608604,-69759,-96889,-3551
-5509295,-3067919,2454026,-69421,-97861,-6327
-5409193,-3081243,2507800,-69277,-97512,-3734
-5344560,-3074255,2552334,-69315,-97340,-5271
-5568534,-3084004,2473042,-69267,-99690,-7320
-5538244,-3033649,2589394,-69484,-101289,-3147
-5586447,-3093011,2508361,-69341,-99690,-6386
-5684343,-3085147,2514665,-69113,-102565,-7441
-5649793,-3049603,2598250,-69269,-102146,-5315
-5903877,-3047960,2483842,-69555,-103389,-5567
-5789512,-3100364,2528833,-69074,-104338,-8132
-5731825,-3051031,2578346,-68861,-100712,-5951
-6205291,-3019528,2442986,-71135,-109137,-7000
-6036404,-3091850,2522794,-67933,-104595,-7496
-5981463,-3101768,2600734,-70313,-109840,-9416
-6333104,-2992457,2459585,-69836,-108935,-5819
-6256309,-3086971,2527843,-69619,-111716,-9711
-6224464,-3061195,2579251,-68898,-110011,-10276
-6527196,-3007943,2442040,-70933,-113008,-7001
-6391892,-3059595,2574326,-68547,-110145,-9856
-6400455,-3084823,2614026,-70439,-116976,-13169
-6613095,-2981262,2466429,-69626,-108822,-4425
-6555036,-3084984,2600258,-70039,-116633,-14860
-6710711,-3048039,2481726,-69090,-110238,-10632
-6697077,-3004862,2549504,-70785,-118200,-7993
-6641892,-3073726,2611827,-68927,-113229,-15893
-6888193,-3013471,2471268,-70086,-115655,-8890
-6853636,-3051948,2577697,-70108,-118806,-14249
-6778064,-3022139,2566680,-69345,-113551,-12155
-7064157,-3044399,2507990,-70278,-119307,-13731
-6984873,-3043474,2518655,-69457,-117275,-14230
-6930008,-2971605,2646636,-70740,-119896,-10939
-7243782,-3081440,2441803,-68567,-118730,-17907
-7113779,-3020123,2582805,-70855,-123722,-13966
-7017314,-2998721,2596526,-69323,-118077,-12711
-7458618,-3036535,2496555,-70701,-126464,-19997
-7257121,-3021139,2503114,-69033,-120236,-11701
-7179672,-3042344,2653730,-70342,-125930,-18957
-7508030,-3002031,2432456,-69552,-121280,-15765
-7350401,-3022732,2636236,-70096,-127229,-15955
-7428199,-2998607,2507394,-70082,-121627,-18209
-7489113,-3009701,2546304,-70102,-126444,-15261
-7386920,-3078110,2611528,-68862,-126317,-20712
-7778866,-2909253,2462198,-72189,-126681,-15200
-7593695,-3044722,2549482,-68493,-128476,-18316
-7528810,-3075374,2633188,-69540,-128430,-23145
-7869102,-2881817,2438904,-71619,-127698,-12447
-7703213,-3074015,2618482,-68934,-132065,-24646
-7682433,-3011793,2522058,-69736,-125664,-18502
-7861136,-2950452,2577838,-72112,-132743,-17649
-7774727,-3030345,2566076,-68391,-127655,-21800
-7986023,-2984548,2524811,-70874,-131047,-20066
-7905679,-2999194,2518070,-70666,-132769,-21956
-7811123,-2959275,2656135,-69874,-130552,-17774
-8198739,-2997334,2426394,-71209,-132605,-24984
-7950565,-2983282,2593621,-69357,-130540,-19131
-7947083,-2980231,2588660,-71321,-133650,-21180
-8158594,-3011539,2487961,-69863,-128875,-24660
-8003334,-2981869,2662194,-69980,-135914,-19013
-8253124,-2968593,2501432,-71237,-131079,-23944
-8112054,-3009283,2545134,-69705,-134590,-20939
-8067551,-3030125,2668841,-69717,-134040,-25438
-8415850,-2917251,2427610,-71410,-133112,-18820
-8192918,-3046353,2649581,-69501,-137060,-24298
-8290548,-2977689,2494945,-69767,-128946,-23644
-8384030,-2955145,2610834,-72001,-139698,-19839
-8241774,-3034194,2584908,-68165,-131262,-24501
-8627543,-2936317,2514880,-72424,-139608,-22953
-8405918,-3001703,2555241,-68985,-135990,-21868
-8411667,-2982325,2644091,-70945,-137971,-24127
-8733382,-2957174,2413249,-70727,-135272,-22419
-8504569,-3018666,2700063,-69546,-142175,-24995
-8609399,-2944123,2522807,-71049,-135356,-20573
-8788484,-2980483,2561447,-70244,-141138,-26593
-8730091,-2976628,2588933,-69725,-141085,-24913
-8767887,-2966989,2599362,-70681,-139944,-22112
-8965781,-2988789,2516387,-71066,-144602,-29852
-8862360,-2909302,2628279,-69459,-139202,-22051
-8965576,-3019852,2582207,-71667,-147292,-28986
-9085213,-2928782,2511093,-69645,-138710,-25827
-8935993,-2949513,2641470,-71206,-147971,-27104
-9038841,-2991477,2555546,-69924,-138822,-29239
-9071249,-2924097,2596759,-72069,-147136,-24050
-9005096,-3007865,2646262,-69156,-139497,-31719
-9373869,-2905924,2464533,-71841,-144952,-27302
-9203276,-2958850,2620484,-70808,-145921,-28752
-9129305,-2961985,2614773,-70018,-142911,-31849
-9506678,-2930761,2536861,-71255,-146561,-29791
-9375892,-2945942,2530970,-70751,-144707,-32478
-9253974,-2918116,2690236,-70979,-144983,-32382
-9429950,-2993033,2527205,-70278,-143295,-34027
-9517208,-2914023,2620759,-71659,-145725,-33891
-9384542,-2862102,2602320,-71180,-140832,-33872
-9506911,-3021579,2657844,-70197,-144334,-39311
-9617868,-2878677,2499359,-71720,-141478,-34059
-9454533,-2903215,2735693,-71362,-144423,-38558
-9553087,-2969813,2544804,-70490,-139618,-40013
-9669812,-2887875,2620634,-71522,-144123,-35441
-9537657,-2926484,2591853,-71240,-142760,-42414
-9609231,-2898518,2607734,-70664,-139256,-37792
-9691915,-2924338,2573236,-72095,-146526,-41667
-9557795,-2862282,2663162,-70604,-137540,-38523
-9781914,-2940159,2541112,-71987,-144455,-42407
-9687143,-2904304,2615390,-70231,-141609,-42608
-9529341,-2850147,2681564,-72850,-144825,-38473
-9792059,-2944311,2565470,-70617,-140516,-45863
-9543103,-2908253,2631787,-71827,-144401,-40109
-9542484,-2876655,2653227,-72022,-138296,-43115
-9852852,-2889582,2494162,-71440,-143607,-43756
-9621132,-2919433,2666376,-71252,-142079,-42421
-9599021,-2895568,2542240,-71427,-136137,-43272
-9767243,-2894305,2627859,-71847,-144817,-44603
-9560607,-2881135,2566434,-70585,-136696,-42443
-9604710,-2903293,2683916,-72505,-141622,-44077
-9614130,-2886984,2527797,-70732,-136179,-43646
-9432756,-2893914,2745620,-71815,-139981,-44719
-9615001,-2887872,2483262,-71500,-133455,-43732
-9433874,-2929613,2718792,-71102,-141126,-45274
-9276703,-2874256,2640802,-71636,-132616,-44350
-9641375,-2866645,2583108,-71630,-135643,-43803
-9295757,-2955415,2650514,-70828,-137978,-46983
-9073637,-2874488,2672933,-71806,-128307,-42851
-7463642,-2921992,2555487,-72921,-122262,-40097
-1173154,-3555788,2243815,-64006,-13001,-2444
-96605,-3369691,1697852,-67884,-54204,36559
144224,-2741780,2339325,-73259,-55655,20946
348101,-3674756,3137301,-61938,-31729,-10853
-169423,-3021348,2382953,-69529,-23383,488
-685728,-3219734,2312098,-67521,-81633,34018
-550028,-2911808,2553147,-76845,-68796,25602
59555,-3627762,2132253,-57303,-27969,16031
-56345,-2544285,2413511,-78640,-71787,14088
-465576,-3702343,2414698,-62779,-60354,-15120
-381359,-3053460,2465986,-71322,-39340,19986
-180909,-3073594,2298226,-66258,-40536,45944
-134251,-3000485,2553458,-74192,-63003,19880
-329887,-3574527,2345060,-63212,-35519,-8553
-212110,-2844504,2390888,-72448,-44681,13608
-327251,-3229578,2263696,-67875,-66332,18758
-226171,-3227136,2629630,-70325,-62155,14621
-447601,-3156120,2239908,-67140,-32650,16893
-195544,-3119510,2469917,-70111,-46655,25555
-121224,-3316891,2359573,-66380,-56930,21753
-450029,-2975679,2435513,-72333,-45640,11301
-306249,-3272974,2366884,-66278,-38196,-2644
-254567,-3082468,2351485,-70568,-60495,12547
-185543,-3256692,2448477,-68917,-55820,21783
-23401,-3100469,2531407,-68183,-36185,24650
-504723,-3259927,2258318,-69044,-47482,18525
-176272,-3099426,2493116,-69070,-63261,23208
-195633,-3218623,2330343,-68700,-43321,7876
-279399,-3133813,2464308,-69402,-40821,3795
-138316,-3182225,2475158,-67475,-53236,13867
-447254,-3117086,2329286,-71359,-47413,20397
-119579,-3272466,2411710,-66911,-46116,19765
-174231,-3118701,2457528,-69229,-42254,19514
-329551,-3178434,2294873,-68916,-53133,19865
-278441,-3207247,2533467,-69703,-56268,8761
-275076,-3128594,2348861,-68445,-39591,12780
-222851,-3167013,2474511,-69234,-43458,14572
-257667,-3223940,2355988,-68454,-48870,16382
-254986,-3110064,2492539,-69997,-44907,21517
-259287,-3240005,2325043,-67184,-43046,12262
-244198,-3145419,2459420,-70083,-55150,17421
-244879,-3161163,2349731,-68776,-49061,16552
-257045,-3185359,2470186,-68516,-43544,13149
-261778,-3172373,2368527,-69000,-46046,17272
-229884,-3163712,2475882,-68828,-45878,16884
-257713,-3170225,2364417,-68914,-45178,16210
-269739,-3186200,2444895,-68400,-46832,11337
-250550,-3162793,2365132,-69322,-49744,16723
-246136,-3153688,2445858,-69263,-48647,17578
-260777,-3205482,2365513,-68469,-46927,15774
-251001,-3155422,2459680,-68952,-44283,18287
-243907,-3174346,2362803,-68802,-48113,16264
-243276,-3163259,2462093,-68927,-46909,13362
-261835,-3162864,2353070,-68828,-45165,13452
-246017,-3173830,2462340,-68748,-49051,14572
-240628,-3180866,2341905,-68372,-47543,18386
-256790,-3163668,2471270,-68818,-46462,17097
-251894,-3172010,2359297,-68738,-46717,17478
-239833,-3183159,2464119,-68599,-48381,15068
-257489,-3157542,2347457,-68742,-47084,14693
-256461,-3166138,2471134,-68714,-46304,13291
-244334,-3177511,2356228,-68661,-46395,15286
-249957,-3159039,2472346,-69305,-47179,17765
-262087,-3175518,2360999,-68874,-47261,17135
-261551,-3179835,2458605,-68543,-47002,15530
-241901,-3164653,2353345,-69016,-48429,16342
-250633,-3170148,2459748,-68772,-47970,14530
-248822,-3176584,2366195,-68663,-45905,15524
-251569,-3165314,2471598,-68900,-45867,14986
-244470,-3163412,2359126,-69085,-46831,17187
-260797,-3183046,2457618,-68635,-47320,15030
-251846,-3164593,2356657,-68879,-47426,16301
-247291,-3180770,2457884,-68590,-48392,15333
-255493,-3171357,2353533,-69054,-47739,16453
-250396,-3165660,2466774,-68931,-46223,15949
-252340,-3181093,2356819,-68647,-46117,15707
-256188,-3169959,2467886,-68796,-46951,15293
-245608,-3170812,2361940,-68624,-47111,15414
-246283,-3167515,2464180,-68860,-47264,14819
-255653,-3164644,2356956,-68980,-47865,16767
-248962,-3176705,2469199,-68732,-47983,16299
-250055,-3166546,2361995,-68963,-46471,17034
-250319,-3169365,2470410,-69001,-46959,14715
-243201,-3162479,2354074,-68909,-46571,15966
-241963,-3179281,2469569,-68773,-47167,14058
-257478,-3172015,2356228,-68952,-46860,15860
-256085,-3172568,2471278,-68822,-47617,15730
-248962,-3172375,2352077,-68819,-47560,17211
-245677,-3173735,2460198,-68848,-47458,16173
-245962,-3168059,2353068,-68750,-47027,15677
-253842,-3167218,2464185,-68771,-47071,14981
-252815,-3168801,2358260,-68739,-47100,15286
-252748,-3169384,2465110,-68615,-46456,15220
-246744,-3176123,2360576,-68774,-47194,16428
-243549,-3175265,2466041,-68804,-47498,15884
-256014,-3168426,2351090,-69048,-47526,16795
-259018,-3175547,2466736,-68900,-47405,14845
-250531,-3162856,2354138,-69100,-47298,16509
-248273,-3179458,2473540,-68745,-46948,14635
-262254,-3159848,2363360,-69211,-46542,16385
-255950,-3185672,2470849,-68701,-47007,15105
-251895,-3166728,2359820,-68802,-47324,16275
-250176,-3169458,2461644,-68708,-47498,15420
-242170,-3168353,2353454,-68719,-47584,16063
-249208,-3176105,2462931,-68765,-47340,15992
-251488,-3171517,2353116,-68820,-47381,15987
-243570,-3170407,2462656,-68498,-46682,15478
-246216,-3172272,2359665,-68735,-47049,15857
-243005,-3166847,2461768,-68732,-46996,15057
-249988,-3172381,2362911,-68832,-47386,16167
-250381,-3175783,2464768,-68783,-47163,15184
-254444,-3162661,2354556,-69067,-47506,16978
-252264,-3181400,2471094,-68773,-47332,15311
-257706,-3163057,2356853,-68875,-47240,16513
-244640,-3174947,2470540,-68809,-46914,14610
-239035,-3165327,2353880,-68791,-46981,15936
-256081,-3178968,2474038,-68710,-46980,15185
-268392,-3170240,2355806,-69166,-47340,16119
-236340,-3174950,2466496,-68673,-47305,15884
-247995,-3171217,2344338,-68918,-47548,16298
-254312,-3166853,2468212,-68789,-47421,15682
-245783,-3174942,2356201,-68612,-47235,15752
-252363,-3170078,2464612,-68880,-46921,15057
-239322,-3171464,2351292,-68699,-46849,16171
-246581,-3173739,2467811,-68725,-47159,15054
-252591,-3163607,2351378,-69023,-47234,16772
-258842,-3180252,2469785,-68838,-47613,14868
-250938,-3166681,2354816,-68955,-47139,16849
-251799,-3181950,2470493,-68722,-47416,14998
-254229,-3167043,2350803,-69028,-46922,16304
-261213,-3178492,2473306,-68877,-47263,15001
-239364,-3167026,2351163,-68805,-46771,16068
-250691,-3169026,2471360,-68888,-47337,15496
-240578,-3173464,2353692,-68747,-47283,15958
-249033,-3167693,2468695,-68889,-47445,15783
-254988,-3169330,2343476,-68759,-47288,15940
-254290,-3169128,2474282,-68753,-47295,15498
-246605,-3180550,2357342,-68662,-47068,16298
-251939,-3172995,2473404,-68844,-47159,14792
-246933,-3162558,2354425,-68834,-47011,16512
-255224,-3173466,2469871,-68755,-47401,14793
-249080,-3167700,2351833,-68873,-47098,16876
-242791,-3180582,2474099,-68674,-47282,14970
-252375,-3168223,2354233,-68864,-47137,16563
-261095,-3183119,2479524,-68725,-47369,15025
-246734,-3167224,2354059,-68941,-47014,16223
-255881,-3177061,2470758,-68789,-47238,15210
-260411,-3175091,2349270,-68829,-47287,15755
-247590,-3170447,2472149,-68905,-47040,15705
-255165,-3173744,2349903,-68921,-47463,16039
-252683,-3172219,2477720,-68819,-47275,15574
-249771,-3179026,2353554,-68691,-47389,16168
-250546,-3180258,2477272,-68897,-47212,15127
-255772,-3164103,2344390,-69013,-47274,16461
-248430,-3174910,2473775,-68770,-47022,14845
-257663,-3165180,2347497,-68975,-47239,16487
-244517,-3179646,2476953,-68620,-47250,14867
-252527,-3163711,2354377,-68976,-47211,16693
-255515,-3184231,2476720,-68648,-47500,15128
-253668,-3169944,2350350,-68861,-47238,16198
-252309,-3174613,2471103,-68601,-47102,15317
-253135,-3172775,2352833,-68689,-47299,15859
-254422,-3166731,2474459,-68698,-47216,15605
-256483,-3177610,2349325,-68712,-47540,15805
-252642,-3176633,2480836,-68664,-47175,15522
-253408,-3176879,2350172,-68809,-47395,16117
-249012,-3169944,2477752,-68804,-47141,15444
-253884,-3176417,2356992,-68816,-47338,16429
-248293,-3173049,2479792,-68802,-47203,14790
-252301,-3172545,2348000,-68798,-47035,16512
-250092,-3180896,2482891,-68802,-47323,14813
-257577,-3165121,2341330,-68843,-47214,16568
-253490,-3176629,2470283,-68647,-47486,15027
-255736,-3172948,2350622,-68838,-47148,16355
-250571,-3175818,2474390,-68835,-47390,15415
-251323,-3178118,2346837,-68677,-47281,15910
-254358,-3166847,2471199,-68874,-47318,15524
-256717,-3172825,2349445,-68685,-47230,15783
-252726,-3163314,2474566,-68858,-47223,15604
-238876,-3178710,2350956,-68692,-47239,16088
-245145,-3174500,2474607,-68783,-47188,15312
-253989,-3167569,2356877,-69032,-47335,16378
-259143,-3184275,2476319,-68729,-47328,14895
-249020,-3176529,2351663,-68916,-46946,16613
-247987,-3179978,2473354,-68838,-47412,14709
-252293,-3165985,2347981,-68807,-47112,16592
-253414,-3176805,2473099,-68775,-47462,14790
-257733,-3160709,2350589,-68949,-47136,16463
-246626,-3173954,2474133,-68864,-47490,15205
-246487,-3169768,2353803,-68951,-47171,16116
-248934,-3172162,2471629,-68775,-47269,15574
-247670,-3178208,2353133,-68721,-47326,15829
-263440,-3172482,2470788,-68812,-47273,15500
-256679,-3170778,2352502,-68718,-47358,15808
-241615,-3167638,2471836,-68750,-47153,15471
-246476,-3176486,2357106,-68905,-47376,16269
-261136,-3167605,2473170,-68861,-47341,15056
-256123,-3165978,2354111,-68940,-47117,16590
-246386,-3183033,2476884,-68817,-47392,14864
-254446,-3164742,2357433,-68980,-47098,16642
-254977,-3180317,2466602,-68701,-47507,14713
-245032,-3168176,2357608,-68776,-47073,16483
-261214,-3174049,2467294,-68859,-47467,15289
-248163,-3177786,2362992,-68772,-47242,16062
-257802,-3173649,2467802,-68775,-47329,15447
-246080,-3181338,2359609,-68830,-47280,15825
-252571,-3163246,2459010,-68859,-47274,15684
-254974,-3176357,2365113,-68751,-47418,15776
-252424,-3167881,2464995,-68790,-47227,15474
-247925,-3178115,2362743,-68771,-47399,15982
-248570,-3172340,2455487,-68943,-47170,15185
-248547,-3173018,2363578,-68847,-47389,16505
-255130,-3186721,2466934,-68654,-47505,14868
-248767,-3161709,2363588,-68916,-47156,16484
-246297,-3178370,2458291,-68749,-47315,15000
-257741,-3165461,2366156,-68977,-47393,16482
-251569,-3181910,2454989,-68547,-47470,15159
-244648,-3175430,2366283,-68848,-47156,16009
-250509,-3164512,2455818,-68731,-47313,15633
-256718,-3177798,2367970,-68979,-47690,15719
-245627,-3173372,2450734,-68617,-46922,15946
-243726,-3185612,2374649,-68758,-47709,15583
-257975,-3168671,2446328,-68886,-47195,15661
-251696,-3169562,2377988,-68898,-47482,15930
-252097,-3170317,2455390,-68756,-47307,15370
-251810,-3175924,2372152,-68851,-47531,16163
-251899,-3179105,2448962,-68620,-47055,15111
-252181,-3175524,2375803,-68814,-47500,16477
-255008,-3184442,2454514,-68598,-47531,14976
-256176,-3170712,2378924,-68830,-47145,16455
-256976,-3176543,2448248,-68777,-47493,15030
-250326,-3165715,2378475,-69060,-47330,16086
-248657,-3180901,2443618,-68914,-47422,15626
-253253,-3173098,2377659,-68689,-47402,15775
-250508,-3177629,2443570,-68941,-47489,15705
-256928,-3168692,2374233,-68837,-47331,15673
-255949,-3180980,2443425,-68782,-47463,15786
-262305,-3178940,2383337,-68715,-47460,15670
-253787,-3171319,2436682,-68807,-47374,15477
-248103,-3173719,2378404,-68659,-47348,16035
-251373,-3181960,2439302,-68680,-47598,15159
-255965,-3175476,2384921,-68764,-47251,16322
-258545,-3180006,2438570,-68791,-47486,14875
-252264,-3166650,2385077,-68629,-47271,16429
-253317,-3178538,2436204,-68796,-47612,15239
-243169,-3161063,2388293,-68817,-47137,16140
-250083,-3175746,2433616,-68964,-47418,15343
-257233,-3173036,2393217,-68777,-47329,15773
-248468,-3174134,2425045,-68703,-47424,15869
-251141,-3174841,2395851,-68645,-47495,15405
-246909,-3168284,2425421,-68721,-47352,16053
-252778,-3187111,2392586,-68576,-47514,15299
-257729,-3172910,2418514,-68827,-47349,15925
-242632,-3177356,2397147,-68767,-47530,15870
-254841,-3175214,2417289,-68641,-47529,15246
-254151,-3168047,2400258,-68851,-47287,16137
-244113,-3179213,2421157,-68626,-47403,15268
-252368,-3175844,2406745,-68855,-47475,16236
-249714,-3175825,2417890,-68740,-47398,15348
-255347,-3172096,2399511,-68685,-47442,15824
-257219,-3180063,2414854,-68768,-47459,15610
-257525,-3177452,2412019,-68891,-47326,15715
-254040,-3175087,2415545,-68885,-47393,15896
-243822,-3188186,2408532,-68673,-47508,15161
-243267,-3167832,2407152,-68636,-47216,16214
-242065,-3187039,2408828,-68673,-47669,15369
-252109,-3178264,2409517,-68638,-47302,15977
-257017,-3171523,2411360,-68894,-47564,15481
-250035,-3175271,2412141,-68700,-47213,15586
-248478,-3176078,2409743,-68720,-47473,16079
-251457,-3170473,2414498,-68885,-47491,15297
-253995,-3174921,2403249,-68843,-47418,16055
-253396,-3186766,2417767,-68708,-47226,15217
-263333,-3171676,2409163,-69001,-47471,16134
-255203,-3181347,2411661,-68775,-47573,15556
-255483,-3180899,2412041,-68644,-47340,15716
-250055,-3173169,2415381,-68693,-47418,15767
-246066,-3173588,2411805,-68953,-47542,15372
-243536,-3165476,2413587,-68759,-47237,16316
-247597,-3174993,2411444,-68777,-47538,15243
-254217,-3172707,2415722,-68964,-47390,16001
-255425,-3176659,2408611,-68971,-47441,15531
-262773,-3181149,2411625,-68864,-47532,15714
-248269,-3176362,2409442,-68761,-47553,15921
-251565,-3176847,2411557,-68877,-47361,15296
-250574,-3172428,2406762,-68835,-47331,16159
-247681,-3179556,2420921,-68851,-47767,15342
-245231,-3166578,2403995,-68805,-47152,16188
-249486,-3180561,2414589,-68854,-47656,15292
-250303,-3163844,2403127,-68822,-47207,15877
-255467,-3179039,2421277,-68812,-47647,15737
-255405,-3178773,2408645,-68804,-47289,15507
-254176,-3172838,2418863,-68922,-47519,16078
-251186,-3170516,2408110,-68571,-47317,15224
-252383,-3171749,2422106,-68918,-47579,16129
-251531,-3176769,2405481,-68792,-47412,15454
-248269,-3172031,2415442,-68776,-47426,15740
-257518,-3179506,2405975,-68773,-47300,15847
-253403,-3184760,2417837,-68924,-47607,15395
-259948,-3164621,2406419,-69055,-47280,16215
-250872,-3182145,2410928,-68766,-47756,15084
-252518,-3157906,2400426,-68931,-47217,16218
-253238,-3182748,2417583,-68909,-47610,15265
-246398,-3166366,2406311,-68660,-47435,15927
-248377,-3180719,2412454,-68959,-47448,15709
-251558,-3170127,2405501,-68756,-47412,15535
-259570,-3176170,2409187,-69025,-47491,16001
-258541,-3181751,2414192,-68634,-47535,15324
-254041,-3170620,2412521,-68819,-47418,16029
-253174,-3180389,2408332,-68764,-47534,15374
-250511,-3174821,2412702,-68930,-47281,15896

