832687,-3258811,2388237,-68045,-74638,26140
839410,-3255831,2512381,-68060,-74808,25385
829082,-3250274,2391016,-68174,-74824,26167
834136,-3261660,2512019,-68000,-74937,25358
825348,-3250120,2384759,-68218,-74778,26248
833884,-3259228,2515131,-68206,-74754,25227
830837,-3248954,2382002,-68218,-74908,26376
830337,-3259360,2511703,-68247,-74762,25150
832654,-3252317,2391399,-68102,-74842,26296
830435,-3259386,2508625,-68116,-74789,25230
830562,-3250844,2388503,-68142,-74700,26429
834107,-3261601,2508695,-68216,-74808,25123
834412,-3255439,2388396,-68163,-74721,26217
830161,-3254691,2508939,-68185,-74785,25440
828988,-3250124,2387966,-68262,-74771,26167
828312,-3255886,2511916,-68278,-74826,25386
830770,-3257724,2388130,-68261,-74703,26112
833918,-3259150,2509054,-68121,-74805,25386
836122,-3254112,2382369,-68292,-74702,26269
830157,-3254816,2515067,-68228,-74811,25360
828991,-3252302,2388050,-68187,-74771,26219
828670,-3262823,2511647,-68045,-74833,25230
830583,-3248836,2394599,-68218,-74803,26375
835586,-3260167,2515407,-68216,-74761,25331
823496,-3253456,2387912,-68149,-74820,26325
828942,-3258743,2511321,-67974,-74914,25127
828757,-3254335,2391433,-68292,-74818,26347
831859,-3260061,2512331,-68173,-74767,25489
837905,-3250785,2388605,-68228,-74584,26192
832079,-3255950,2508824,-68322,-74871,25306
837965,-3255343,2391733,-68209,-74713,26215
826507,-3252597,2511868,-68172,-74818,25467
826913,-3251075,2394281,-68357,-74707,26192
830258,-3252699,2511814,-68259,-74837,25308
837852,-3257375,2391896,-68178,-74635,26267
823303,-3253120,2505023,-68167,-75010,25311
830701,-3246681,2388307,-68206,-74855,26403
828981,-3261003,2511366,-67943,-74992,25178
827015,-3246669,2388088,-68247,-74759,26326
834001,-3252593,2502542,-68302,-74779,25231
832344,-3254137,2391680,-68204,-74683,26348
833826,-3259173,2515313,-68166,-74830,25384
830969,-3251326,2384812,-68224,-74808,26115
828587,-3258291,2508662,-68068,-74857,25362
834389,-3255442,2391526,-68119,-74696,26217
835423,-3255570,2512461,-68327,-74783,25462
830668,-3251053,2388099,-68401,-74700,26113
830284,-3259181,2505757,-68164,-74812,25387
824894,-3251944,2391390,-68412,-74719,26375
828500,-3253871,2508532,-68307,-74854,25256
832260,-3256201,2388623,-68304,-74630,26321
836055,-3256125,2505653,-68055,-74845,25231
832555,-3252131,2388440,-68103,-74789,26376
834014,-3261465,2508917,-68131,-74807,25280
828791,-3249926,2391356,-68222,-74743,26324
837795,-3254993,2511974,-68049,-74802,25203
821712,-3252453,2387675,-68229,-74811,26221
824655,-3255921,2511748,-68277,-74808,25387
823519,-3249122,2390782,-68209,-74718,26144
835629,-3257996,2512336,-68206,-74864,25436
830845,-3253445,2391195,-68148,-74756,26166
835603,-3260128,2512368,-68173,-74787,25410
835998,-3251925,2391764,-68281,-74701,26294
832238,-3258208,2505648,-68156,-74823,25282
828710,-3249861,2391395,-68311,-74741,26323
830276,-3257127,2511800,-68282,-74838,25255
832547,-3258691,2388458,-68094,-74712,26296
836046,-3253911,2505660,-68043,-74845,25257
825091,-3252155,2391272,-68279,-74800,26375
833965,-3259293,2515091,-68117,-74756,25228
826977,-3255510,2391281,-68296,-74810,26295
834082,-3252670,2505776,-68039,-74833,25389
832783,-3252536,2391138,-68232,-74920,26138
828396,-3258129,2511961,-68114,-74828,25439
834086,-3257472,2401025,-68264,-74615,26188
832079,-3255962,2512096,-68149,-74924,25464
835981,-3256271,2391790,-68260,-74624,26242
834133,-3263789,2508922,-68012,-74886,25332
830378,-3255185,2394736,-68342,-74646,26294
826729,-3257272,2511645,-68149,-74898,25335
830701,-3257757,2394532,-68176,-74805,26268
832033,-3255956,2515083,-68234,-74821,25307
832211,-3254053,2391810,-68339,-74757,26424
830446,-3254991,2505418,-68224,-74814,25205
827004,-3251064,2391295,-68139,-74735,26351
830270,-3261398,2508879,-68131,-74787,25360
832423,-3252184,2397594,-68320,-74710,26137
833912,-3259114,2509145,-68034,-74805,25465
836175,-3254304,2391587,-68202,-74704,26190
830310,-3257049,2505724,-68197,-74889,25413
830755,-3251167,2391241,-68226,-74754,26192
826509,-3261371,2511880,-68174,-74741,25360
832353,-3252044,2394686,-68280,-74734,26295
830487,-3255122,2508560,-68182,-74943,25282
830654,-3253283,2394494,-68195,-74728,26244
828491,-3255964,2505526,-68231,-74803,25310
835804,-3249597,2398251,-68229,-74725,26477
830357,-3257192,2511761,-68193,-74839,25255
832246,-3254111,2394758,-68336,-74656,26268
832238,-3258208,2505648,-68156,-74823,25282
825285,-3250189,2391070,-68221,-74880,26324
830155,-3254655,2509030,-68098,-74785,25519
827217,-3249206,2390819,-68342,-74814,26062
830486,-3254961,2502523,-68051,-74917,25441
828829,-3252162,2394388,-68142,-74642,26220
833951,-3254765,2505990,-68099,-74908,25518
827150,-3251244,2387995,-68226,-74838,26272
828708,-3253994,2502195,-68218,-74908,25258
826971,-3255450,2394359,-68160,-74632,26219
830380,-3257189,2508632,-68238,-74865,25255
828846,-3247840,2391375,-68212,-74897,26428
830652,-3261723,2502281,-68038,-74844,25205
834302,-3255342,2391656,-68121,-74695,26296
830353,-3254854,2505640,-68138,-74813,25362
830389,-3246496,2397814,-68340,-74774,26400
832099,-3258064,2508857,-68156,-74719,25282
830544,-3253173,2394482,-68326,-74649,26165
833551,-3249999,2509330,-68342,-74798,25569
827052,-3251219,2391073,-68358,-74811,26192
833615,-3254410,2509316,-68232,-74723,25517
827226,-3251433,2394084,-68180,-74866,26192
824872,-3253951,2508416,-68263,-74913,25336
830616,-3255330,2391437,-68161,-74599,26219
834028,-3259248,2505794,-68163,-74832,25307
839467,-3253906,2395315,-68253,-74692,26423
833921,-3257008,2508878,-68283,-74804,25254
830495,-3255332,2394657,-68297,-74724,26294
828617,-3258324,2505441,-68199,-74882,25282
825160,-3252135,2388143,-68189,-74750,26377
834175,-3257114,2502541,-68060,-74783,25258
830761,-3255510,2388137,-68249,-74703,26139
831928,-3255758,2509227,-68197,-74946,25620
832359,-3256387,2391582,-68303,-74683,26242
826542,-3256973,2505544,-68326,-74791,25335
832318,-3251949,2391453,-68408,-74605,26138
830150,-3259098,2505887,-68299,-74886,25463
825088,-3245671,2394200,-68418,-74851,26297
823135,-3257237,2505167,-68145,-74778,25260
827049,-3253360,2391248,-68195,-74812,26323
823265,-3255167,2501965,-68134,-74882,25286
830580,-3250965,2391502,-68229,-74751,26349
830533,-3255104,2508560,-68048,-74868,25284
832240,-3254075,2394849,-68248,-74656,26347
824738,-3257990,2502483,-68156,-74732,25442
827107,-3253415,2391066,-68236,-74736,26167
830271,-3254789,2505679,-68227,-74811,25362
821516,-3252415,2397102,-68318,-74809,26218
835524,-3257774,2509468,-68120,-74811,25594
825152,-3254376,2387902,-68417,-74672,26114
839054,-3257668,2512661,-68296,-74725,25435
832327,-3254176,2394719,-68247,-74657,26269
832061,-3255829,2505825,-68235,-74820,25387
828710,-3249861,2391395,-68311,-74741,26323
828571,-3258330,2511700,-68110,-74831,25283
832387,-3247659,2391622,-68258,-74837,26427
825336,-3254340,2501778,-68082,-74972,25182
830576,-3255396,2394618,-68209,-74726,26295
828496,-3255840,2499398,-68188,-74777,25390
839441,-3251731,2398360,-68284,-74666,26371
826951,-3255178,2502185,-68093,-74977,25363
825294,-3252379,2394050,-68184,-74702,26142
826588,-3256980,2502557,-68241,-74894,25492
827008,-3248923,2391119,-68301,-74734,26220
830242,-3254756,2508900,-68096,-74786,25441
828855,-3250030,2394355,-68175,-74719,26246
830066,-3256844,2512101,-68241,-74758,25412
825175,-3254385,2388045,-68288,-74750,26271
832017,-3260302,2515108,-68212,-74744,25254
830363,-3252935,2394834,-68243,-74646,26400
836009,-3260449,2502640,-68125,-74869,25255
825276,-3252282,2388064,-68145,-74829,26377
828572,-3256028,2505487,-68142,-74805,25310
827101,-3253379,2391157,-68149,-74736,26246
828679,-3253961,2505415,-68087,-74883,25337
836077,-3254291,2397937,-68160,-74729,26268
830307,-3259178,2502627,-68208,-74837,25387
826867,-3251081,2400540,-68269,-74656,26192
830109,-3254673,2509030,-68231,-74860,25517
832284,-3256347,2397790,-68256,-74555,26164
830161,-3254691,2508939,-68185,-74785,25440
834198,-3250973,2397838,-68229,-74719,26269
826763,-3257181,2502296,-68238,-74897,25336
828531,-3254091,2394772,-68293,-74713,26426
823274,-3257381,2501958,-68145,-74882,25259
832249,-3256289,2394842,-68260,-74656,26320
834111,-3257010,2499542,-68107,-74807,25336
832165,-3254059,2398069,-68251,-74706,26424
826686,-3252674,2505479,-68125,-74795,25391
828909,-3254540,2394302,-68244,-74796,26191
828333,-3255723,2502749,-68192,-74826,25545
825471,-3245984,2393862,-68102,-74782,26144
828434,-3253607,2499496,-68223,-74852,25494
830365,-3257402,2397858,-68309,-74621,26267
833794,-3254487,2502927,-68185,-74700,25440
828961,-3250251,2397224,-68261,-74772,26087
832055,-3255793,2505916,-68148,-74820,25466
826654,-3248644,2397769,-68352,-74754,26453
826801,-3259417,2505328,-68158,-74796,25231
828676,-3254259,2397732,-68158,-74691,26348
832081,-3253636,2508870,-68132,-74719,25336
828693,-3249913,2397706,-68180,-74768,26401
830340,-3254769,2502550,-68138,-74762,25363
832324,-3251998,2394634,-68322,-74657,26217
833922,-3254719,2505938,-68142,-74830,25439
830463,-3248814,2400806,-68305,-74750,26295
826599,-3252573,2505609,-68127,-74793,25469
832505,-3252248,2397555,-68232,-74712,26138
832113,-3260178,2499734,-68173,-74871,25491
830525,-3253052,2391483,-68238,-74597,26245
826760,-3255016,2505484,-68139,-74949,25441
824935,-3252051,2397519,-68321,-74670,26296
823248,-3259513,2501991,-68112,-74805,25234
830567,-3253182,2394624,-68197,-74726,26322
834022,-3259211,2505885,-68076,-74832,25386
830466,-3250992,2400890,-68230,-74751,26347
834068,-3259181,2502613,-68116,-74705,25231
828592,-3252017,2397687,-68323,-74689,26295
824560,-3255611,2502660,-68235,-74729,25547
834068,-3253044,2401039,-68241,-74615,26242
826825,-3257125,2499258,-68061,-74847,25417
826980,-3253357,2397364,-68236,-74683,26166
831908,-3262233,2506156,-68187,-74818,25541
832130,-3253965,2394836,-68380,-74577,26268
828222,-3257915,2508949,-68291,-74773,25438
825008,-3258676,2397498,-68223,-74595,26218
826539,-3254808,2508732,-68228,-74843,25440
828468,-3258443,2401057,-68184,-74586,26373
834098,-3252618,2499465,-68170,-74807,25311
835585,-3258163,2401511,-68320,-74542,26370
828367,-3258083,2511909,-68156,-74751,25361
826724,-3253090,2397665,-68329,-74679,26322
830163,-3252389,2502727,-68217,-74758,25468
830515,-3253140,2397702,-68195,-74624,26244
833740,-3254284,2499968,-68053,-74572,25522
832012,-3253634,2391865,-68245,-74295,26272
846018,-3254526,2501206,-67980,-74322,25781
833436,-3254285,2398558,-68253,-74094,26376
847276,-3257153,2507868,-68129,-73888,25701
843457,-3257024,2393903,-68106,-73266,26641
849563,-3253069,2512443,-68166,-72941,26046
837229,-3252922,2400562,-68178,-72870,26879
858229,-3253302,2506969,-68306,-72493,25994
848232,-3255030,2397929,-68239,-72950,26848
860525,-3263648,2506903,-67919,-72664,25993
856796,-3248618,2398969,-68172,-72605,27112
851501,-3260749,2509348,-68073,-72824,25915
851554,-3256635,2398458,-68119,-72581,26903
845780,-3255049,2509348,-68133,-72792,26101
860901,-3253480,2398562,-68101,-72631,26744
851163,-3255951,2506663,-68189,-72843,26203
855712,-3257245,2401258,-67941,-72813,26745
843872,-3255992,2506185,-68181,-72653,26050
857279,-3253609,2401627,-67970,-72742,26902
845786,-3259393,2506245,-68156,-72741,26048
853488,-3249068,2401552,-67989,-72644,26957
844017,-3251865,2505898,-68332,-72808,25944
853607,-3251380,2398285,-68044,-72671,26852
841944,-3259301,2509285,-68288,-72693,26047
858498,-3249533,2402232,-68133,-72434,27060
865597,-3255246,2504248,-68008,-72251,25970
874966,-3260218,2420265,-68124,-71070,27214
869543,-3254988,2511040,-68135,-69987,26869
875772,-3258112,2407688,-68275,-68870,27908
869090,-3258794,2511433,-68247,-69673,26894
876409,-3251674,2414158,-68115,-70280,26962
851915,-3257853,2500063,-67948,-69752,26383
812026,-3256864,2419009,-68276,-71349,26631
775067,-3244373,2507705,-68365,-72185,25137
766353,-3245426,2406013,-68079,-72512,24767
758975,-3255009,2501514,-68238,-73067,22370
767471,-3247728,2396139,-67664,-69682,25026
737008,-3251384,2533368,-68556,-72611,24876
750839,-3238037,2421197,-68339,-71684,24540
681613,-3241385,2486117,-68042,-72005,22645
700455,-3248988,2438776,-69021,-75251,21257
712434,-3240251,2475868,-67635,-68186,23189
674695,-3246854,2429834,-68491,-72660,24863
678280,-3245397,2540546,-68749,-72608,21658
659203,-3236147,2403079,-67808,-71642,22308
625810,-3234667,2508030,-68994,-74350,19713
656568,-3247257,2393139,-67573,-68868,22537
590305,-3245872,2544682,-68936,-74555,22060
624230,-3215572,2432981,-68621,-73117,21337
507176,-3228590,2449521,-67862,-71734,19270
601860,-3261736,2504440,-68439,-77097,17743
498883,-3232043,2481636,-68742,-72875,18414
461851,-3192111,2358175,-68018,-69241,23031
508955,-3253939,2622284,-69618,-81526,14346
396122,-3223793,2336125,-67738,-70827,18160
458332,-3208350,2531099,-68677,-74940,18621
395411,-3241059,2449455,-69358,-78255,15980
327407,-3223284,2446876,-67292,-72010,17896
343016,-3210449,2479036,-70267,-82173,14739
284911,-3220656,2464926,-67579,-72930,15446
248852,-3215247,2429981,-69369,-80148,13729
255513,-3209880,2514796,-68518,-76192,13905
207816,-3205459,2413035,-68138,-77388,15135
158210,-3203528,2505519,-69537,-81101,9826
140426,-3207905,2368768,-67195,-74701,14017
183021,-3212534,2618498,-70158,-85685,9340
31253,-3174970,2336527,-67855,-73209,14253
110656,-3200275,2576632,-68787,-83344,10187
-65,-3214821,2430754,-69128,-81083,7437
-75427,-3170153,2444522,-67988,-78041,11469
-21858,-3202120,2507750,-69446,-87017,6530
-189635,-3201591,2439785,-68007,-79295,6921
-120945,-3156805,2439297,-69740,-83808,8484
-243360,-3188303,2467478,-68389,-81152,5460
-169292,-3186678,2468322,-69071,-84847,5353
-230058,-3169889,2489689,-68591,-79195,6225
-205321,-3215232,2493876,-68314,-84223,6379
-348271,-3157631,2470963,-70519,-84520,2718
-368119,-3203639,2343260,-66906,-79359,7368
-459254,-3163433,2532359,-71442,-92086,-557
-388096,-3191126,2389837,-66912,-77714,7042
-539062,-3141121,2560586,-71301,-91117,1590
-512430,-3174016,2418968,-67564,-79169,4612
-683330,-3147935,2542929,-70524,-91019,-677
-574079,-3168622,2456434,-67459,-80216,3290
-808745,-3159227,2540634,-70179,-91819,-1583
-679191,-3155366,2453846,-68484,-81880,1844
-792843,-3151756,2554873,-69692,-88104,-802
-943612,-3161096,2418108,-69597,-87944,-1358
-716074,-3121975,2591428,-68754,-83003,-99
-1133962,-3164455,2381958,-69639,-90508,-2852
-923888,-3137777,2549981,-69411,-85969,-2434
-982499,-3143277,2455308,-69487,-85736,-1305
-1189417,-3150587,2465691,-70226,-90280,-3684
-904536,-3121996,2531549,-68948,-83000,-2120
-1267112,-3161803,2513077,-69599,-89554,-3245
-1214289,-3101954,2432816,-70410,-87411,-3037
-1073489,-3163372,2614313,-68253,-84790,-4788
-1545860,-3148863,2367137,-70410,-93449,-5329
-1196224,-3102962,2592333,-69289,-84676,-2859
-1448033,-3171693,2436013,-69336,-90352,-5946
-1565767,-3133939,2512495,-70303,-92532,-6093
-1275289,-3099496,2596591,-69488,-85823,-3001
-1903360,-3147487,2414605,-69371,-95119,-7993
-1769905,-3117820,2411864,-69711,-93172,-6997
-1580626,-3109949,2672549,-69475,-92606,-6805
-1889118,-3158596,2422011,-68653,-94379,-6165
-1927693,-3082072,2534458,-70423,-97292,-9133
-1764872,-3140607,2526446,-68931,-92195,-6516
-2101397,-3126527,2464065,-69348,-97248,-8627
-2109949,-3114529,2440454,-70665,-101684,-9338
-1838682,-3128826,2600764,-69139,-92103,-6662
-2364398,-3115797,2355400,-69825,-102773,-10497
-2304998,-3124103,2530184,-69588,-101206,-9702
-2073907,-3057331,2586331,-70272,-97460,-7107
-2416987,-3166921,2503813,-68179,-101522,-10630
-2405092,-3086530,2446280,-69856,-102803,-10830
-2185646,-3130101,2602467,-69495,-98113,-9105
-2623546,-3131708,2400379,-69535,-107842,-10776
-2585701,-3080458,2488297,-71194,-106075,-10818
-2330354,-3110951,2516391,-69143,-100724,-9679
-2817062,-3161141,2482141,-69004,-112041,-13920
-2757966,-3048286,2410119,-70677,-108399,-9603
-2245524,-3049978,2773851,-69235,-116519,-12863
-2961320,-3078770,2219225,-70622,-111916,-18512
-2725683,-3067509,2484416,-71687,-125637,-12394
-2483582,-3079446,2542937,-69236,-117629,-25155
-2927726,-3075768,2346950,-69234,-116380,-15508
-2799127,-3095969,2417432,-71590,-124155,-20990
-2589717,-3055071,2601956,-69252,-113501,-20429
-3017357,-3085324,2368851,-70496,-126619,-15727
-2957451,-3107110,2454406,-69717,-116080,-25573
-2773627,-3041867,2599991,-71458,-121806,-16353
-3290978,-3094318,2365913,-68610,-120396,-21009
-3047893,-3081342,2517597,-70881,-123290,-22897
-3047980,-3049398,2522900,-69569,-117655,-18193
-3354848,-3121981,2377111,-69538,-126784,-24653
-3127487,-2999309,2594298,-71631,-120225,-18804
-3379823,-3069802,2379062,-69666,-121637,-21179
-3388223,-3146983,2517048,-69444,-125765,-24930
-3189056,-2949651,2536674,-71517,-118362,-18144
-3527947,-3146007,2517427,-69043,-127621,-25052
-3562457,-3062990,2358161,-69766,-121198,-20855
-3384714,-2997524,2624963,-72603,-124168,-22758
-3611548,-3144307,2407615,-67800,-121161,-23594
-3763440,-3049746,2488491,-71329,-128168,-21763
-3523942,-2991449,2534980,-71555,-120775,-23081
-3753437,-3140522,2538153,-68009,-124853,-23731
-3959552,-3040692,2360740,-70495,-126230,-23507
-3710378,-3001341,2608281,-71863,-122925,-23294
-3790789,-3129238,2534252,-68571,-125061,-23044
-4121014,-3039429,2425157,-70265,-125437,-25314
-3853877,-3014952,2547223,-72008,-125260,-22661
-3936171,-3131967,2562408,-68457,-123421,-25028
-4302119,-3020561,2385576,-71473,-132914,-25047
-4082425,-3004320,2535995,-71366,-122575,-23474
-4139793,-3100671,2544482,-69232,-130522,-26026
-4439259,-3048914,2431768,-69664,-130039,-26211
-4228303,-3004806,2531590,-72149,-130190,-23802
-4280755,-3099925,2595253,-68981,-127957,-26285
-4554465,-3036427,2405657,-70574,-135228,-26577
-4418420,-2999958,2582365,-71409,-129898,-24994
-4423819,-3068370,2568620,-69566,-132926,-25979
-4734185,-3069729,2452239,-68958,-134195,-27301
-4613680,-3008753,2477162,-72188,-132840,-26512
-4533686,-3063999,2605530,-69542,-130949,-25859
-4926902,-3058400,2388521,-70224,-137574,-28202
-4775416,-3009764,2529604,-71274,-131233,-26374
-4651305,-3035264,2667306,-70511,-137632,-27028
-5174766,-3060040,2389502,-68438,-132316,-27813
-4940452,-3017644,2573875,-72141,-141187,-27767
-4774034,-3040520,2639430,-68852,-129671,-28429
-5185228,-3079452,2472121,-70119,-143023,-27817
-5199264,-2998734,2414549,-71662,-133474,-28770
-4981421,-3020795,2584429,-71492,-138730,-28725
-5364200,-3073771,2451788,-68892,-137457,-29349
-5359482,-3000631,2481582,-72466,-143423,-29748
-5121413,-2972060,2676755,-70375,-135914,-27974
-5449463,-3107882,2524726,-68715,-145237,-31955
-5576576,-2989793,2432544,-70692,-138586,-29906
-5403659,-2980914,2614057,-72585,-146092,-30137
-5431515,-3094331,2563198,-68195,-137720,-31646
-5760381,-3001929,2412559,-71827,-148962,-31601
-5612139,-2987382,2530653,-71861,-139956,-31577
-5567293,-3040941,2595378,-70495,-145303,-31016
-5944675,-3028309,2436710,-70040,-144779,-33885
-5822277,-2990734,2517491,-71871,-146149,-31945
-5595710,-3015809,2705044,-69943,-143173,-32615
-6029217,-3049484,2436457,-69970,-147629,-33990
-5869589,-2982554,2573511,-71802,-142509,-32408
-5750467,-2992930,2595463,-70997,-143753,-33338
-6183156,-3035035,2418320,-69809,-143865,-34351
-6019680,-3014286,2556514,-72152,-147825,-33896
-5863156,-2960398,2679140,-70856,-140915,-33392
-6324904,-3043016,2451003,-69828,-151514,-34916
-6197929,-3015955,2526377,-70740,-142654,-35509
-6035797,-2960577,2650621,-72004,-148424,-34362
-6424258,-3030865,2470134,-68524,-143524,-35131
-6231042,-3027684,2620317,-72126,-151531,-36273
-6132286,-2956231,2589827,-70516,-138107,-34913
-6598342,-3011079,2471082,-71128,-156070,-36801
-6510992,-3027012,2494405,-70745,-141211,-36576
-6304586,-2932852,2684293,-72848,-152053,-36111
-6744885,-3041222,2455315,-68044,-147053,-38052
-6713892,-3001842,2525425,-72343,-154289,-37530
-6424717,-2928818,2715110,-71464,-146546,-36887
-6883711,-3018427,2506710,-69274,-155242,-38576
-6855512,-3018908,2523870,-70910,-152161,-38662
-6562341,-2921425,2673824,-72499,-152120,-38032
-7044431,-3000180,2472522,-69049,-152034,-38647
-7011992,-3037289,2530361,-71399,-158708,-40210
-6692183,-2905066,2692714,-71826,-147497,-37848
-7158243,-3009756,2480340,-70315,-160332,-39991
-7125125,-3035519,2494301,-69427,-152257,-40313
-6881961,-2914784,2680716,-74036,-157149,-39001
-7216170,-2986017,2498870,-68569,-151500,-40125
-7336517,-3039424,2529044,-71047,-163875,-41630
-7011653,-2908086,2664087,-71586,-148300,-39210
-7268783,-3002508,2626456,-70436,-162988,-41539
-7393497,-3021176,2508693,-68950,-153988,-41175
-7111759,-2927684,2682675,-73322,-156427,-40463
-7470868,-2978704,2502405,-69702,-154066,-42371
-7555013,-3009762,2496326,-71355,-164027,-41239
-7272595,-2925735,2639446,-71887,-151460,-40957
-7588735,-2978275,2546108,-71239,-161123,-43345
-7658027,-3029146,2540227,-68814,-158288,-42174
-7466805,-2939138,2674696,-73185,-160096,-42076
-7588094,-2942547,2605685,-69858,-155348,-41726
-7813767,-3042567,2551648,-70195,-165942,-44208
-7552547,-2930589,2683152,-71679,-154731,-42153
-7782619,-2941191,2549507,-71705,-161187,-42732
-7998587,-3005965,2493135,-69261,-162808,-44568
-7711973,-2952107,2599687,-72756,-158766,-42683
-7734055,-2933910,2678505,-71482,-160624,-43962
-8055113,-3016441,2481750,-68906,-162907,-44001
-7949336,-2949312,2602705,-72790,-160291,-44134
-7749137,-2934006,2686019,-71397,-158328,-43864
-8147525,-2997937,2581022,-69710,-164347,-44864
-8041146,-2963049,2540655,-71496,-157932,-43783
-7843013,-2936412,2783125,-72430,-161698,-45270
-8254557,-2983611,2445251,-68872,-158503,-44780
-8304832,-2963629,2607608,-72435,-167239,-45744
-8058182,-2902609,2619806,-72178,-154564,-44070
-8275532,-3010757,2698898,-70085,-168828,-47128
-8466666,-2965836,2441905,-69969,-159284,-45743
-8134109,-2913180,2814269,-73152,-166386,-45506
-8302909,-2991209,2599861,-69264,-160963,-47164
-8637660,-2943451,2537775,-71366,-169009,-46094
-8415597,-2929470,2546484,-72357,-159982,-46577
-8452384,-2957717,2688996,-71329,-168929,-47538
-8813236,-2968798,2400884,-69511,-165427,-47259
-8650661,-2932215,2665415,-73163,-169944,-47961
-8577385,-2895371,2680544,-71486,-164623,-46694
-8943700,-2977035,2580750,-69236,-168934,-48241
-8703840,-2966897,2690913,-71464,-170924,-49123
-8662526,-2898241,2679959,-70767,-161402,-47709
-9075700,-2935108,2561083,-71699,-176883,-48706
-8825916,-2980468,2631623,-70045,-163843,-48496
-8860205,-2888611,2659468,-73060,-171307,-49663
-9311272,-2948379,2472449,-70601,-173259,-51143
-9066224,-2954723,2593081,-71327,-170681,-47971
-8980701,-2909465,2736007,-72510,-172795,-51920
-9372034,-2945579,2515173,-70559,-175271,-50831
-9276193,-2946472,2632806,-71600,-174666,-49585
-9097888,-2917691,2701294,-72129,-172984,-52140
-9518257,-2929017,2536962,-70227,-175450,-51748
-9500889,-2960570,2566135,-71237,-179218,-52275
-9240058,-2869047,2716624,-72325,-170930,-50584
-9594656,-2934944,2555462,-71036,-177410,-52665
-9701214,-2964929,2555389,-70456,-176914,-53546
-9384625,-2872827,2709926,-72750,-174193,-50645
-9591230,-2932254,2684929,-70765,-177059,-54039
-9802864,-2948904,2513691,-70209,-177707,-52357
-9553679,-2914785,2734643,-72877,-176986,-54050
-9679215,-2889255,2604284,-71564,-174235,-52199
-10009187,-2933923,2563988,-70966,-183772,-54304
-9818887,-2926885,2586468,-71773,-176617,-54063
-9730533,-2869594,2769488,-72219,-180665,-53562
-10140958,-2939504,2502013,-69934,-180651,-54927
-10027893,-2923729,2663718,-72244,-183761,-54326
-9818589,-2874348,2716511,-71976,-179312,-55080
-10112343,-2934862,2664876,-70987,-187073,-54783
-10188074,-2915498,2523816,-71069,-182279,-54775
-9953882,-2901522,2767974,-73064,-186369,-56603
-10300482,-2879028,2435549,-70501,-179319,-54556
-10242580,-2959234,2688636,-71781,-192464,-56861
-10002691,-2859630,2647486,-71554,-176574,-54436
-10331750,-2900744,2665876,-72690,-190536,-57224
-10389011,-2931426,2523341,-70174,-183582,-55684
-10136732,-2890702,2787522,-72964,-185984,-56309
-10324938,-2900691,2601941,-71105,-184040,-57180
-10417926,-2925288,2612395,-71127,-187066,-56244
-10113558,-2897998,2752060,-72033,-183950,-56524
-10483742,-2881707,2551539,-72065,-181269,-57760
-10485594,-2926944,2621534,-72072,-191612,-56162
-10254978,-2897544,2675419,-71310,-177739,-57799
-10497345,-2873225,2625641,-73144,-189803,-57783
-10622327,-2937378,2537709,-69685,-183655,-58560
-10402086,-2879731,2692362,-73438,-188466,-57169
-10337590,-2892424,2750795,-71217,-183362,-57954
-10740180,-2909388,2551448,-71319,-191953,-59764
-10559966,-2882088,2628573,-72118,-186914,-57216
-10384044,-2898969,2752058,-72031,-190161,-60187
-10730310,-2907640,2553482,-70937,-191304,-59054
-10571167,-2901043,2579353,-72388,-190558,-58515
-10373880,-2865300,2752613,-73052,-190275,-60112
-10748973,-2890662,2474339,-70590,-188318,-58353
-10660173,-2926428,2638027,-72252,-196050,-61230
-10349968,-2857271,2640683,-72119,-182955,-58029
-10618859,-2897933,2662771,-71872,-196307,-60322
-10517419,-2939379,2548107,-70702,-189586,-60366
-10111564,-2837695,2795205,-73428,-190353,-57456
-10162408,-2932773,2598620,-70851,-188637,-61910
-8476725,-2897356,2551743,-73323,-175879,-54177
-1015502,-4050680,1938782,-54441,-109767,-6806
667133,-2232899,1762116,-83441,-50484,58731
698857,-3412756,2936464,-61586,-117225,14596
-326477,-2905857,1472553,-72120,-39876,-33615
-950145,-3686986,2915513,-60554,-94007,-49819
-220366,-2617444,2286120,-77308,-69641,43792
-284476,-3358719,3108468,-71849,-70741,46042
-24068,-3231602,2010502,-62487,-8923,27970
-243522,-3326022,2838209,-67843,-97919,-16069
-521750,-3070549,2333042,-71982,-52250,-23784
-296448,-3289565,2667038,-68386,-65331,12657
-369007,-2963826,2496629,-70674,-93523,18762
-327033,-3381483,2604771,-67248,-59051,-652
-283248,-2910447,2440429,-70752,-44334,-3125
-148161,-3535932,2656326,-64109,-65725,1333
-363749,-2903989,2415923,-73228,-56615,35812
-318828,-3422036,2634605,-65927,-62115,7040
-346443,-2925685,2447660,-71886,-67464,2614
-313465,-3371527,2583229,-67833,-74345,-10016
-17165,-3110771,2622002,-67585,-48066,11854
-542969,-3171119,2488385,-70813,-55964,13859
-149593,-3133926,2567355,-69142,-57981,781
-202101,-3277557,2603140,-67266,-56427,-1993
-501439,-3077638,2509655,-71185,-64767,11699
-87746,-3259237,2611089,-66997,-64408,16104
-232079,-3160713,2551951,-69777,-63599,11109
-495898,-3211666,2495322,-69524,-57069,-1186
-101640,-3163920,2604608,-67871,-48197,5549
-197587,-3205655,2604941,-68892,-60201,6359
-441663,-3108645,2537170,-70631,-58788,6574
-150382,-3216714,2567278,-67407,-57001,74
-233800,-3226475,2595020,-68610,-68466,3678
-460438,-3133141,2482038,-70688,-60086,17369
-88299,-3244226,2643152,-66460,-52913,13162
-234888,-3201522,2607850,-69783,-57810,5961
-448078,-3117304,2461931,-69552,-56754,509
-181563,-3216974,2641020,-69306,-61131,1587
-246919,-3198141,2457453,-66459,-55784,6302
-424183,-3154392,2616213,-72480,-68446,6532
-47363,-3197608,2557835,-66052,-52210,8052
-354021,-3220062,2540361,-70340,-56873,9524
-426109,-3181566,2500416,-68751,-57519,11378
-167717,-3150721,2652632,-69206,-63044,7642
-254408,-3219541,2481347,-67580,-55368,-340
-463300,-3152713,2510546,-71120,-61494,3417
-198605,-3203646,2610566,-67145,-59325,7948
-284320,-3170345,2527476,-69509,-56132,9405
-252886,-3215696,2570857,-69293,-58251,5240
-198736,-3158098,2497210,-67840,-56861,8437
-410411,-3221017,2614251,-69783,-67033,6335
-268187,-3141538,2504740,-68560,-59566,8802
-273672,-3225250,2577965,-68991,-62311,4644
-269529,-3166452,2493155,-68584,-57189,6203
-290544,-3204377,2596290,-68908,-58921,7102
-315644,-3172235,2520719,-69078,-59244,6165
-251241,-3190533,2558409,-68685,-60750,5005
-291866,-3185279,2510979,-68748,-60534,5863
-308093,-3179129,2575444,-69363,-63069,8495
-276960,-3192288,2520286,-68718,-60778,9087
-288412,-3189757,2558736,-69002,-58777,7087
-276476,-3194243,2526841,-68646,-58029,6105
-291990,-3173226,2572160,-69239,-60716,5067
-289763,-3187281,2535167,-69013,-60805,5331
-280905,-3179064,2541951,-68838,-60414,5309
-292454,-3196410,2534108,-68933,-61650,6967
-289233,-3180337,2557870,-68873,-60016,9144
-289465,-3201529,2539407,-68941,-59320,8805
-287346,-3176010,2554605,-69188,-59968,7108
-294452,-3184824,2533675,-68839,-60561,4555
-288123,-3168527,2550515,-69036,-60532,5127
-287833,-3194765,2526126,-68703,-60663,5438
-294319,-3178785,2560336,-68934,-60193,7162
-289253,-3191929,2536736,-68714,-59881,7660
-290109,-3184706,2556264,-68867,-59869,8127
-288756,-3190430,2530037,-68880,-60398,7604
-290002,-3191974,2557499,-69010,-61391,5817
-290188,-3175589,2526362,-69047,-60644,5703
-284616,-3192471,2557583,-68647,-60500,5382
-293296,-3182642,2530287,-69145,-59521,7455
-290957,-3191386,2560636,-68910,-59595,6848
-287107,-3186786,2529796,-69071,-59867,7137
-287347,-3197285,2562147,-68928,-61062,6443
-289508,-3186613,2534634,-69147,-61043,6919
-286312,-3184001,2556770,-68999,-60573,6790
-283939,-3193833,2531438,-68729,-60104,6327
-285605,-3183444,2560874,-68957,-59467,6823
-288419,-3186357,2535127,-68963,-59816,6642
-296827,-3179953,2546410,-68784,-60371,6539
-286585,-3193258,2536331,-68845,-60893,5955
-289237,-3187262,2562017,-68871,-60899,6449
-283193,-3182968,2536297,-68973,-60606,7575
-287042,-3193857,2557887,-68668,-60026,7211
-294706,-3182248,2535994,-69093,-59852,7348
-292571,-3187309,2551812,-68806,-60349,5830
-285456,-3175816,2537017,-68891,-60508,6276
-286834,-3188686,2548799,-68817,-60635,5852
-289543,-3188304,2528373,-68794,-60329,6668
-286783,-3187698,2557436,-68851,-60260,7053
-288941,-3190280,2536232,-68965,-60191,7447
-287210,-3182639,2548845,-68837,-60252,7578
-290897,-3190279,2533850,-68973,-60735,6375
-294388,-3175344,2551713,-68876,-60569,6015
-288432,-3185334,2529832,-68838,-60551,5779
-286570,-3179023,2553697,-68922,-59981,6614
-284937,-3186182,2532854,-68893,-60240,7266
-293843,-3190346,2556754,-68945,-60379,6870
-290270,-3183169,2529390,-68963,-60470,7345
-296458,-3191799,2555460,-68938,-60990,6475
-293418,-3181718,2534575,-68982,-60485,6823
-286940,-3188440,2548918,-68682,-60405,5855
-290183,-3183185,2534948,-68989,-59884,6643
-286405,-3188134,2553694,-68975,-60290,6661
-291539,-3184876,2528637,-68782,-60470,6982
-287980,-3187291,2547405,-68840,-60566,6871
-290596,-3194858,2527551,-68731,-60792,6403
-291804,-3180540,2550466,-68803,-60443,6953
-285990,-3188208,2531709,-68840,-60320,6666
-283031,-3185475,2554157,-68921,-60075,6767
-284042,-3187186,2528420,-68919,-60280,6483
-285623,-3186913,2555993,-68735,-60585,6374
-289654,-3183923,2531658,-68864,-60531,6875
-294617,-3186064,2549265,-68815,-60744,6429
-295799,-3184377,2538315,-68962,-60289,7137
-287564,-3189976,2549966,-68711,-60548,6532
-288318,-3184301,2529172,-68918,-60251,7059
-285496,-3186971,2549695,-68735,-60637,6375
-291146,-3187551,2531056,-68783,-60375,6485
-293023,-3184579,2549575,-68766,-60520,6483
-287680,-3187354,2534523,-68831,-60365,6561
-290270,-3181289,2553899,-68854,-60269,6978
-287604,-3191874,2534613,-68770,-60519,6664
-291812,-3182817,2550510,-68906,-60595,7002
-291145,-3192055,2534366,-68724,-60579,6665
-296830,-3188876,2549563,-68878,-60499,6507
-293239,-3181771,2531173,-68887,-60284,6592
-289301,-3184635,2549470,-68895,-60462,6246
-290112,-3183386,2535155,-68954,-60269,6954
-289294,-3193495,2552949,-68686,-60668,6530
-287863,-3182673,2528864,-68730,-60566,7085
-291160,-3187960,2549726,-68788,-60683,6558
-289669,-3181673,2531756,-68765,-60532,6981
-298577,-3185665,2546347,-68861,-60593,6587
-279744,-3196666,2533998,-68645,-60183,5907
-286790,-3178838,2553958,-69060,-60054,6769
-293237,-3180196,2543796,-69201,-61178,6998
-286338,-3187978,2541541,-68804,-60393,6977
-282041,-3201555,2534511,-68635,-59936,6117
-296732,-3182798,2558787,-69070,-61037,6659
-278929,-3181474,2538740,-68863,-60686,7131
-277177,-3195564,2551014,-68661,-59981,6531
-287332,-3192112,2525015,-68857,-60675,6585
-287204,-3181677,2549250,-68876,-60629,6167
-288659,-3173007,2535674,-68950,-60195,7270
-294200,-3208671,2549102,-68806,-61134,6314
-278774,-3196716,2535357,-68624,-60102,6638
-286307,-3177084,2544392,-68873,-60368,6875
-292873,-3187169,2543436,-69055,-61184,6762
-286592,-3192131,2550839,-68865,-60006,6689
-296510,-3186771,2536740,-68815,-60375,6303
-291452,-3177028,2556070,-69267,-61085,6761
-282148,-3195069,2537906,-68742,-60368,6505
-293765,-3190054,2544355,-68721,-60099,6876
-282052,-3193125,2534807,-68914,-60777,6684
-293590,-3177346,2546872,-69131,-60381,6639
-295452,-3182824,2541045,-69084,-60728,7081
-285123,-3200489,2543329,-68585,-60771,6294
-285079,-3188106,2535667,-68980,-59676,6772
-297930,-3186649,2551716,-68899,-60935,6192
-291537,-3185233,2540997,-68918,-60752,6976
-284510,-3191229,2547705,-68683,-60122,6743
-287304,-3190153,2534292,-68847,-60830,6609
-287579,-3183430,2546818,-68899,-60725,6610
-289592,-3186132,2534547,-68780,-60278,6616
-290006,-3183817,2547618,-68871,-60630,7106
-292673,-3193804,2543091,-68858,-60805,6373
-293606,-3179379,2546945,-68920,-60152,6616
-283815,-3189929,2537616,-68891,-60667,6530
-285891,-3190893,2547204,-68812,-60656,6712
-290262,-3183341,2538323,-69132,-60317,6951
-289198,-3187207,2552577,-69046,-60898,6370
-290475,-3180880,2538539,-69166,-60237,7057
-291102,-3192322,2546532,-68764,-60556,6428
-289722,-3183944,2534787,-68953,-60581,6873
-292954,-3187032,2552436,-68997,-60648,6295
-291553,-3182773,2531500,-68988,-60444,6771
-295290,-3189722,2550203,-68941,-60733,6922
-291328,-3193910,2531336,-68777,-60295,6562
-286085,-3181759,2544169,-68850,-60448,6743
-287122,-3194871,2540236,-68823,-60859,6398
-282985,-3181198,2551196,-68948,-60407,7053
-289387,-3190871,2534376,-68850,-60510,6560
-294832,-3185731,2546384,-68861,-60612,6508
-295086,-3187470,2537459,-68922,-60530,6718
-285966,-3190864,2547152,-68988,-60654,6632
-286486,-3185632,2538496,-69014,-60414,7002
-287391,-3192491,2549659,-68898,-60703,6345
-282638,-3181453,2538378,-69033,-60512,6897
-291267,-3190027,2549798,-68844,-60604,6531
-293682,-3186007,2544119,-69097,-60482,6845
-291420,-3185343,2540633,-68999,-60600,6663
-283736,-3185503,2537539,-68686,-60516,6509
-284461,-3189118,2541556,-68810,-60403,6924
-285545,-3197756,2537586,-68801,-60737,6555
-288080,-3182798,2547458,-68905,-60564,6924
-290918,-3194761,2543277,-68821,-60737,6399
-295203,-3183029,2543823,-68856,-60555,6849
-289762,-3188293,2537943,-68888,-60479,6821
-287534,-3187707,2540533,-68875,-60546,6480
-286177,-3186101,2541155,-69054,-60547,6765
-285632,-3193324,2543716,-68818,-60608,6451
-284758,-3184438,2538740,-69057,-60498,7131
-289161,-3193590,2546559,-68773,-60720,6451
-289840,-3181792,2544091,-69029,-60580,6819
-287665,-3192103,2546960,-68903,-60647,6581
-293184,-3186478,2537442,-68960,-60617,6690
-289953,-3183823,2544254,-68998,-60502,6872
-287399,-3192281,2540440,-68855,-60625,6426
-287979,-3189296,2538180,-68808,-60488,6925
-287059,-3194814,2537198,-68647,-60810,6479
-289608,-3186392,2540921,-68877,-60686,6845
-291235,-3185469,2537425,-68865,-60629,6665
-289520,-3190776,2540765,-68763,-60458,6638
-282431,-3188185,2535240,-68848,-60542,6897
-289349,-3191286,2549683,-68981,-60691,6398
-290068,-3185682,2535108,-69010,-60346,6926
-290825,-3194911,2546328,-68733,-60790,6399
-288104,-3186935,2538265,-68841,-60409,6952
-283722,-3190079,2540667,-68802,-60721,6530
-286027,-3186145,2537987,-68876,-60499,6768
-284420,-3184929,2544438,-69006,-60530,6817
-289372,-3188826,2540563,-68839,-60614,6585
-289666,-3186313,2544090,-68788,-60584,6847
-290727,-3199231,2536965,-68711,-60714,6348
-284424,-3182591,2538316,-68950,-60504,6924
-287595,-3196574,2543868,-68929,-60750,6605
-282384,-3188328,2541278,-68845,-60492,6740
-283990,-3189728,2537877,-68894,-60665,6687
-281997,-3186684,2543813,-68871,-60626,6452
-289973,-3190323,2538196,-69037,-60552,6948
-289051,-3193688,2543299,-68815,-60747,6373
-289833,-3183846,2538047,-68911,-60555,6952
-292794,-3193794,2552571,-68772,-60805,6451
-289658,-3188354,2534774,-68843,-60506,6821
-289606,-3190859,2543946,-68944,-60661,6712
-292939,-3191139,2540349,-68760,-60597,6560
-286177,-3186113,2544428,-68880,-60599,6923
-283704,-3194507,2540653,-68826,-60721,6476
-288025,-3185006,2541192,-69006,-60614,6897
-283785,-3194442,2540692,-68915,-60719,6475
-291449,-3185310,2543853,-68867,-60575,6742
-287751,-3189701,2540878,-68937,-60619,6687
-285987,-3188565,2544069,-68976,-60602,6660
-287918,-3187246,2538107,-68886,-60642,6950
-287167,-3192575,2540283,-68766,-60782,6426
-289827,-3188189,2534944,-68934,-60503,6899
-290996,-3192568,2546413,-68899,-60787,6425
-289776,-3186227,2541091,-68968,-60683,6923
-287532,-3192211,2543843,-68816,-60751,6660
-292902,-3188919,2534096,-68837,-60647,6587
-285975,-3186188,2534909,-68878,-60602,6846
-291119,-3192385,2546583,-68856,-60708,6504
-289736,-3186173,2541182,-68747,-60608,7004
-288821,-3196110,2540045,-68738,-60853,6347
-289632,-3186222,2534741,-68876,-60583,6847
-287662,-3194293,2540785,-69051,-60773,6631
-289547,-3188625,2540823,-68842,-60611,6741
-284349,-3189400,2541346,-69031,-60633,6841
-283626,-3192394,2540530,-68812,-60722,6425
-287907,-3187158,2531888,-68930,-60616,6951
-287156,-3199269,2546573,-68671,-60809,6423
-286110,-3181613,2535002,-68898,-60523,6900
-285623,-3195562,2540722,-68878,-60787,6580
-287798,-3189534,2537827,-68892,-60490,6689
-277046,-3189419,2547901,-68991,-60696,6838
-291027,-3188055,2543337,-68875,-60735,6479
-286064,-3188389,2541252,-68848,-60627,6896
-287301,-3199088,2540340,-68980,-60779,6343
-290074,-3188132,2544462,-69070,-60576,6973
-287529,-3194376,2540655,-68915,-60699,6555
-289329,-3186655,2537492,-68829,-60716,6690
-293366,-3188530,2540734,-69019,-60589,6741
-285808,-3191129,2546942,-69076,-60809,6552
-291784,-3182677,2537980,-69081,-60542,6925
-289187,-3191426,2543345,-69026,-60820,6397
-289722,-3188251,2531775,-68889,-60530,6900
-287229,-3192644,2546593,-68769,-60884,6502
-287866,-3187265,2538016,-68840,-60566,6872
-291250,-3190000,2540500,-69023,-60756,6608
-287690,-3191933,2540780,-68902,-60544,6583
-286116,-3184063,2544356,-68958,-60753,6948
-292763,-3195832,2540125,-68872,-60752,6426
-286316,-3185981,2541377,-69103,-60621,6921
-289284,-3193419,2540469,-68952,-60768,6529
-287734,-3189661,2537840,-68894,-60645,6766
-284151,-3194079,2544252,-68965,-60688,6709
-285784,-3188812,2543860,-68930,-60682,6582
-288184,-3187055,2541354,-69109,-60611,6947
-290918,-3194761,2543277,-68821,-60737,6399
-288320,-3184782,2547660,-69097,-60559,6973
-285258,-3191632,2543447,-68719,-60921,6477
-285966,-3188402,2534902,-68890,-60602,6819
-285790,-3193083,2540938,-68779,-60631,6687
-289392,-3191019,2537517,-68942,-60715,6635
-289712,-3186331,2544090,-68922,-60659,6845
-288878,-3200522,2543251,-68764,-60903,6370
-295241,-3180794,2540791,-68935,-60656,6953
-289193,-3195697,2540423,-68875,-60769,6503
-287841,-3187435,2544196,-68840,-60670,6871
-289510,-3193174,2543808,-68954,-60662,6607
-289449,-3191124,2543736,-69032,-60816,6632
-291742,-3187275,2544146,-69106,-60646,6869
-287483,-3190052,2543668,-68845,-60675,6530
-288274,-3184776,2541401,-69186,-60610,6973
-287189,-3192578,2543412,-68722,-60757,6426
-293487,-3192839,2540941,-69091,-60663,6842
-289153,-3191337,2543528,-68718,-60746,6558
-285844,-3188585,2534732,-68933,-60680,6740
-282320,-3188455,2541290,-68847,-60646,6817
-288994,-3200376,2543330,-68808,-60824,6370
-289854,-3188340,2541214,-68982,-60682,6974
-289051,-3197995,2540286,-68751,-60696,6399
-295374,-3187479,2550158,-69105,-60731,6868
-287301,-3192307,2537363,-68723,-60652,6506
-284285,-3189504,2544345,-68985,-60609,6763
-287892,-3191883,2547312,-68954,-60720,6815
-285447,-3195936,2549770,-68831,-60867,6421
-288043,-3184885,2538193,-68918,-60563,6977
-292518,-3196210,2543057,-68784,-60961,6424
-289868,-3183764,2538087,-68866,-60478,6953
-294580,-3194944,2546250,-68912,-60923,6476
-289784,-3188480,2544122,-69023,-60658,6817
-295357,-3187428,2543847,-69236,-60704,6790
-287430,-3194562,2543614,-68914,-60752,6476
-293506,-3183919,2540918,-68952,-60510,6874
-287242,-3199339,2546481,-69026,-60959,6340
-288040,-3182756,2541290,-68907,-60615,7003
-283632,-3199151,2546871,-68808,-60902,6498
-287653,-3189726,2537800,-68805,-60646,6767
-287717,-3192085,2547051,-68950,-60722,6658
-290998,-3192408,2540376,-68768,-60761,6584
-289946,-3188363,2547473,-69027,-60706,6972
-287176,-3194668,2537277,-68691,-60731,6479
-287908,-3185153,2541113,-68962,-60693,6897
-287027,-3197025,2534062,-68703,-60835,6452
-287977,-3185173,2544242,-69051,-60743,6895
-289229,-3195639,2537476,-68879,-60871,6659
-287436,-3194526,2543706,-68826,-60753,6555
-288016,-3187220,2541185,-69018,-60614,6870
-287563,-3194478,2543744,-69049,-60826,6552
-289573,-3190781,2537869,-68858,-60712,6871
-285347,-3198127,2543505,-68798,-60843,6396
-295022,-3187598,2537471,-68924,-60685,6795
-289354,-3193279,2537562,-68911,-60792,6686
-287474,-3185496,2534424,-68823,-60674,6664
-288003,-3187305,2544275,-69018,-60666,6869
-292503,-3198461,2542959,-68883,-60961,6318
-289830,-3186024,2538132,-68836,-60555,7004
-287215,-3190427,2543471,-68802,-60909,6529
-295515,-3187163,2544057,-69148,-60549,6871
-285429,-3193595,2540519,-68821,-60866,6528
-289469,-3193305,2546950,-68912,-60791,6684
-293311,-3186444,2540753,-69009,-60743,6845
-292781,-3191404,2540139,-68848,-60752,6480
-293410,-3186258,2537793,-69011,-60690,6924
-290786,-3201638,2549397,-68769,-60842,6318
-291540,-3187362,2537900,-68930,-60700,6950
-289346,-3193488,2546780,-68955,-60869,6605
-291405,-3187606,2543807,-68924,-60652,6714
-287497,-3196600,2540791,-68797,-60777,6685
-287119,-3197049,2540321,-68748,-60860,6450
-291644,-3187301,2541069,-68974,-60673,6949
-290938,-3196954,2540231,-68924,-60838,6450
-287899,-3187367,2541106,-68974,-60693,6870
-287130,-3197136,2546540,-68704,-60886,6449
-289395,-3188854,2540705,-68843,-60766,6740
-287693,-3189792,2540981,-68853,-60774,6843
-287209,-3194770,2540367,-68825,-60858,6476
-287913,-3189584,2544229,-68941,-60668,6843
-285587,-3195804,2546719,-69054,-60889,6419
-286035,-3188435,2541304,-68805,-60704,6975
-289144,-3200344,2549771,-68813,-60925,6525
-291408,-3189735,2540710,-68936,-60601,6688
-287694,-3192082,2543921,-68994,-60748,6658
-289412,-3193200,2540731,-68822,-60690,6687
-286059,-3190751,2544386,-68952,-60831,6945
-287136,-3201395,2540346,-68727,-60783,6397
-289577,-3190905,2543997,-68901,-60738,6791
-296446,-3193716,2540015,-68950,-60886,6530
-289608,-3193185,2547171,-68960,-60865,6840
-289493,-3193135,2540770,-68911,-60688,6686
-289161,-3193601,2540299,-68995,-60846,6449
-286059,-3183958,2538136,-68868,-60652,6950
-287361,-3201335,2546735,-68907,-60881,6472
-287898,-3185078,2538166,-68832,-60719,7055
-285405,-3193753,2543427,-68995,-60917,6369
-291385,-3189732,2537580,-68980,-60626,6688
-289637,-3193140,2547120,-69003,-60788,6762
-289559,-3191026,2546996,-68989,-60789,6710
-289955,-3186137,2544207,-69189,-60654,6842
-299501,-3205359,2536226,-68737,-60980,6242
-289895,-3183915,2544358,-68914,-60656,7028
-287271,-3192537,2540465,-68860,-60933,6580
-293406,-3188596,2543915,-69066,-60716,6817
-290828,-3197064,2540244,-68793,-60917,6529
-291293,-3192184,2546844,-68859,-60706,6660
-295105,-3189860,2540736,-69030,-60887,6921
-290992,-3196751,2537272,-68792,-60710,6531
-286084,-3190581,2538207,-68951,-60727,6947
-292694,-3198298,2546258,-68929,-60933,6396
-284342,-3187147,2538314,-68977,-60659,6947
-293175,-3195486,2543685,-69055,-60796,6658
-287662,-3194293,2540785,-69051,-60773,6631
-296838,-3191177,2546621,-69031,-60829,6712
-290834,-3192708,2540075,-68943,-60916,6424
-288248,-3186951,2538355,-69155,-60635,7025
-292567,-3198357,2539960,-68929,-60985,6397
-293233,-3188638,2537617,-68932,-60693,6820
-287084,-3197131,2540281,-68793,-60937,6449
-289775,-3190694,2544115,-69034,-60658,6790
-283897,-3189901,2537941,-68855,-60896,6842
-287237,-3199204,2546612,-68760,-60808,6422
-289456,-3190928,2537790,-68814,-60791,6870
-289047,-3200357,2543421,-68855,-60900,6448
-291319,-3187570,2534652,-68841,-60806,6951
-287232,-3194773,2543496,-68780,-60833,6476
-289455,-3191088,2543827,-68944,-60816,6711
-287791,-3189767,2544059,-68984,-60746,6763
-287369,-3196819,2540529,-68927,-60855,6527
-295379,-3185141,2544037,-69050,-60705,6975
-294285,-3195168,2539782,-68821,-60978,6399
-291419,-3187361,2534680,-68793,-60575,6874
-294343,-3195113,2539964,-68780,-61054,6556
-287812,-3187468,2540976,-68972,-60695,6791
-293017,-3193277,2537485,-68823,-60774,6766
-290845,-3201410,2540269,-68772,-60840,6476
-287873,-3189542,2538061,-68943,-60719,6922
-285347,-3198127,2543505,-68798,-60843,6396
-293256,-3188665,2537759,-68936,-60846,6975
-285200,-3202787,2546502,-68778,-60973,6341
-291284,-3187628,2537600,-68837,-60705,6794
-296530,-3191486,2543243,-68940,-60936,6634
-289164,-3195743,2540475,-68833,-60847,6581
-286107,-3190584,2541336,-68906,-60702,6947
-287043,-3197249,2540150,-68925,-61013,6369
-289790,-3188444,2544213,-68935,-60658,6896

